x,T,U_0,rho,p,rho,U_0,U_1,U_2
0.000625,293,6.09E-13,1002.15,1.00E+07,1002.15,6.09E-13,0,0
0.001875,293,-5.17E-13,1002.15,1.00E+07,1002.15,-5.17E-13,0,0
0.003125,293,-2.93E-12,1002.15,1.00E+07,1002.15,-2.93E-12,0,0
0.004375,293,-3.85E-12,1002.15,1.00E+07,1002.15,-3.85E-12,0,0
0.005625,293,-2.73E-12,1002.15,1.00E+07,1002.15,-2.73E-12,0,0
0.006875,293,-2.41E-12,1002.15,1.00E+07,1002.15,-2.41E-12,0,0
0.008125,293,-1.43E-13,1002.15,1.00E+07,1002.15,-1.43E-13,0,0
0.009375,293,2.95E-12,1002.15,1.00E+07,1002.15,2.95E-12,0,0
0.010625,293,-6.55E-13,1002.15,1.00E+07,1002.15,-6.55E-13,0,0
0.011875,293,-3.24E-12,1002.15,1.00E+07,1002.15,-3.24E-12,0,0
0.013125,293,-4.60E-12,1002.15,1.00E+07,1002.15,-4.60E-12,0,0
0.014375,293,-5.88E-12,1002.15,1.00E+07,1002.15,-5.88E-12,0,0
0.015625,293,-8.47E-12,1002.15,1.00E+07,1002.15,-8.47E-12,0,0
0.016875,293,-8.61E-12,1002.15,1.00E+07,1002.15,-8.61E-12,0,0
0.018125,293,-1.20E-11,1002.15,1.00E+07,1002.15,-1.20E-11,0,0
0.019375,293,-1.95E-11,1002.15,1.00E+07,1002.15,-1.95E-11,0,0
0.020625,293,-2.08E-11,1002.15,1.00E+07,1002.15,-2.08E-11,0,0
0.021875,293,-1.89E-11,1002.15,1.00E+07,1002.15,-1.89E-11,0,0
0.023125,293,-2.11E-11,1002.15,1.00E+07,1002.15,-2.11E-11,0,0
0.024375,293,-2.08E-11,1002.15,1.00E+07,1002.15,-2.08E-11,0,0
0.025625,293,-1.75E-11,1002.15,1.00E+07,1002.15,-1.75E-11,0,0
0.026875,293,-2.01E-11,1002.15,1.00E+07,1002.15,-2.01E-11,0,0
0.028125,293,-2.61E-11,1002.15,1.00E+07,1002.15,-2.61E-11,0,0
0.029375,293,-2.68E-11,1002.15,1.00E+07,1002.15,-2.68E-11,0,0
0.030625,293,-2.33E-11,1002.15,1.00E+07,1002.15,-2.33E-11,0,0
0.031875,293,-1.88E-11,1002.15,1.00E+07,1002.15,-1.88E-11,0,0
0.033125,293,-1.57E-11,1002.15,1.00E+07,1002.15,-1.57E-11,0,0
0.034375,293,-1.34E-11,1002.15,1.00E+07,1002.15,-1.34E-11,0,0
0.035625,293,-1.16E-11,1002.15,1.00E+07,1002.15,-1.16E-11,0,0
0.036875,293,-8.21E-12,1002.15,1.00E+07,1002.15,-8.21E-12,0,0
0.038125,293,-5.36E-12,1002.15,1.00E+07,1002.15,-5.36E-12,0,0
0.039375,293,-6.24E-12,1002.15,1.00E+07,1002.15,-6.24E-12,0,0
0.040625,293,-6.07E-12,1002.15,1.00E+07,1002.15,-6.07E-12,0,0
0.041875,293,-1.20E-12,1002.15,1.00E+07,1002.15,-1.20E-12,0,0
0.043125,293,2.37E-12,1002.15,1.00E+07,1002.15,2.37E-12,0,0
0.044375,293,-1.13E-14,1002.15,1.00E+07,1002.15,-1.13E-14,0,0
0.045625,293,-3.45E-13,1002.15,1.00E+07,1002.15,-3.45E-13,0,0
0.046875,293,1.09E-12,1002.15,1.00E+07,1002.15,1.09E-12,0,0
0.048125,293,3.27E-12,1002.15,1.00E+07,1002.15,3.27E-12,0,0
0.049375,293,6.21E-12,1002.15,1.00E+07,1002.15,6.21E-12,0,0
0.050625,293,5.51E-12,1002.15,1.00E+07,1002.15,5.51E-12,0,0
0.051875,293,4.77E-12,1002.15,1.00E+07,1002.15,4.77E-12,0,0
0.053125,293,4.44E-12,1002.15,1.00E+07,1002.15,4.44E-12,0,0
0.054375,293,5.03E-13,1002.15,1.00E+07,1002.15,5.03E-13,0,0
0.055625,293,-3.66E-13,1002.15,1.00E+07,1002.15,-3.66E-13,0,0
0.056875,293,-2.45E-12,1002.15,1.00E+07,1002.15,-2.45E-12,0,0
0.058125,293,-7.13E-12,1002.15,1.00E+07,1002.15,-7.13E-12,0,0
0.059375,293,-6.47E-12,1002.15,1.00E+07,1002.15,-6.47E-12,0,0
0.060625,293,-6.48E-12,1002.15,1.00E+07,1002.15,-6.48E-12,0,0
0.061875,293,-3.43E-12,1002.15,1.00E+07,1002.15,-3.43E-12,0,0
0.063125,293,3.71E-12,1002.15,1.00E+07,1002.15,3.71E-12,0,0
0.064375,293,3.77E-12,1002.15,1.00E+07,1002.15,3.77E-12,0,0
0.065625,293,1.44E-12,1002.15,1.00E+07,1002.15,1.44E-12,0,0
0.066875,293,4.77E-14,1002.15,1.00E+07,1002.15,4.77E-14,0,0
0.068125,293,1.65E-12,1002.15,1.00E+07,1002.15,1.65E-12,0,0
0.069375,293,4.43E-12,1002.15,1.00E+07,1002.15,4.43E-12,0,0
0.070625,293,6.23E-12,1002.15,1.00E+07,1002.15,6.23E-12,0,0
0.071875,293,6.70E-12,1002.15,1.00E+07,1002.15,6.70E-12,0,0
0.073125,293,6.11E-12,1002.15,1.00E+07,1002.15,6.11E-12,0,0
0.074375,293,5.34E-12,1002.15,1.00E+07,1002.15,5.34E-12,0,0
0.075625,293,6.13E-12,1002.15,1.00E+07,1002.15,6.13E-12,0,0
0.076875,293,9.35E-12,1002.15,1.00E+07,1002.15,9.35E-12,0,0
0.078125,293,1.12E-11,1002.15,1.00E+07,1002.15,1.12E-11,0,0
0.079375,293,1.01E-11,1002.15,1.00E+07,1002.15,1.01E-11,0,0
0.080625,293,7.74E-12,1002.15,1.00E+07,1002.15,7.74E-12,0,0
0.081875,293,9.51E-12,1002.15,1.00E+07,1002.15,9.51E-12,0,0
0.083125,293,1.25E-11,1002.15,1.00E+07,1002.15,1.25E-11,0,0
0.084375,293,1.37E-11,1002.15,1.00E+07,1002.15,1.37E-11,0,0
0.085625,293,1.39E-11,1002.15,1.00E+07,1002.15,1.39E-11,0,0
0.086875,293,1.16E-11,1002.15,1.00E+07,1002.15,1.16E-11,0,0
0.088125,293,7.06E-12,1002.15,1.00E+07,1002.15,7.06E-12,0,0
0.089375,293,4.99E-12,1002.15,1.00E+07,1002.15,4.99E-12,0,0
0.090625,293,1.08E-11,1002.15,1.00E+07,1002.15,1.08E-11,0,0
0.091875,293,1.43E-11,1002.15,1.00E+07,1002.15,1.43E-11,0,0
0.093125,293,1.28E-11,1002.15,1.00E+07,1002.15,1.28E-11,0,0
0.094375,293,1.26E-11,1002.15,1.00E+07,1002.15,1.26E-11,0,0
0.095625,293,1.48E-11,1002.15,1.00E+07,1002.15,1.48E-11,0,0
0.096875,293,1.55E-11,1002.15,1.00E+07,1002.15,1.55E-11,0,0
0.098125,293,1.49E-11,1002.15,1.00E+07,1002.15,1.49E-11,0,0
0.099375,293,1.28E-11,1002.15,1.00E+07,1002.15,1.28E-11,0,0
0.100625,293,1.35E-11,1002.15,1.00E+07,1002.15,1.35E-11,0,0
0.101875,293,1.92E-11,1002.15,1.00E+07,1002.15,1.92E-11,0,0
0.103125,293,2.00E-11,1002.15,1.00E+07,1002.15,2.00E-11,0,0
0.104375,293,2.11E-11,1002.15,1.00E+07,1002.15,2.11E-11,0,0
0.105625,293,2.57E-11,1002.15,1.00E+07,1002.15,2.57E-11,0,0
0.106875,293,2.97E-11,1002.15,1.00E+07,1002.15,2.97E-11,0,0
0.108125,293,3.32E-11,1002.15,1.00E+07,1002.15,3.32E-11,0,0
0.109375,293,3.46E-11,1002.15,1.00E+07,1002.15,3.46E-11,0,0
0.110625,293,3.39E-11,1002.15,1.00E+07,1002.15,3.39E-11,0,0
0.111875,293,3.65E-11,1002.15,1.00E+07,1002.15,3.65E-11,0,0
0.113125,293,4.14E-11,1002.15,1.00E+07,1002.15,4.14E-11,0,0
0.114375,293,5.36E-11,1002.15,1.00E+07,1002.15,5.36E-11,0,0
0.115625,293,7.24E-11,1002.15,1.00E+07,1002.15,7.24E-11,0,0
0.116875,293,1.14E-10,1002.15,1.00E+07,1002.15,1.14E-10,0,0
0.118125,293,1.72E-10,1002.15,1.00E+07,1002.15,1.72E-10,0,0
0.119375,293,2.67E-10,1002.15,1.00E+07,1002.15,2.67E-10,0,0
0.120625,293,4.28E-10,1002.15,1.00E+07,1002.15,4.28E-10,0,0
0.121875,293,7.01E-10,1002.15,1.00E+07,1002.15,7.01E-10,0,0
0.123125,293,1.16E-09,1002.15,1.00E+07,1002.15,1.16E-09,0,0
0.124375,293,1.89E-09,1002.15,1.00E+07,1002.15,1.89E-09,0,0
0.125625,293,3.09E-09,1002.15,1.00E+07,1002.15,3.09E-09,0,0
0.126875,293,5.06E-09,1002.15,1.00E+07,1002.15,5.06E-09,0,0
0.128125,293,8.26E-09,1002.15,1.00E+07,1002.15,8.26E-09,0,0
0.129375,293,1.33E-08,1002.15,1.00E+07,1002.15,1.33E-08,0,0
0.130625,293,2.14E-08,1002.15,1.00E+07,1002.15,2.14E-08,0,0
0.131875,293,3.41E-08,1002.15,1.00E+07,1002.15,3.41E-08,0,0
0.133125,293,5.42E-08,1002.15,1.00E+07,1002.15,5.42E-08,0,0
0.134375,293,8.56E-08,1002.15,1.00E+07,1002.15,8.56E-08,0,0
0.135625,293,1.35E-07,1002.15,1.00E+07,1002.15,1.35E-07,0,0
0.136875,293,2.10E-07,1002.15,1.00E+07,1002.15,2.10E-07,0,0
0.138125,293,3.28E-07,1002.15,1.00E+07,1002.15,3.28E-07,0,0
0.139375,293,5.08E-07,1002.15,1.00E+07,1002.15,5.08E-07,0,0
0.140625,293,7.84E-07,1002.15,1.00E+07,1002.15,7.84E-07,0,0
0.141875,293,1.20E-06,1002.15,1.00E+07,1002.15,1.20E-06,0,0
0.143125,293,1.84E-06,1002.15,1.00E+07,1002.15,1.84E-06,0,0
0.144375,293,2.80E-06,1002.15,1.00E+07,1002.15,2.80E-06,0,0
0.145625,293,4.23E-06,1002.15,1.00E+07,1002.15,4.23E-06,0,0
0.146875,293,6.37E-06,1002.15,1.00E+07,1002.15,6.37E-06,0,0
0.148125,293,9.55E-06,1002.15,1.00E+07,1002.15,9.55E-06,0,0
0.149375,293,1.42E-05,1002.15,1.00E+07,1002.15,1.42E-05,0,0
0.150625,293,2.11E-05,1002.15,1.00E+07,1002.15,2.11E-05,0,0
0.151875,293,3.12E-05,1002.15,1.00E+07,1002.15,3.12E-05,0,0
0.153125,293,4.57E-05,1002.15,1.00E+07,1002.15,4.57E-05,0,0
0.154375,293,6.68E-05,1002.15,1.00E+07,1002.15,6.68E-05,0,0
0.155625,293,9.70E-05,1002.15,1.00E+07,1002.15,9.70E-05,0,0
0.156875,293,0.000140151,1002.15,1.00E+07,1002.15,0.000140151,0,0
0.158125,293,0.00020137,1002.15,1.00E+07,1002.15,0.00020137,0,0
0.159375,293,0.000287742,1002.15,1.00E+07,1002.15,0.000287742,0,0
0.160625,293,0.000408877,1002.15,1.00E+07,1002.15,0.000408877,0,0
0.161875,293,0.000577745,1002.15,1.00E+07,1002.15,0.000577745,0,0
0.163125,293,0.000811715,1002.15,1.00E+07,1002.15,0.000811715,0,0
0.164375,293,0.00113387,1002.15,1.00E+07,1002.15,0.00113387,0,0
0.165625,292.999,0.00157467,1002.15,1.00E+07,1002.15,0.00157467,0,0
0.166875,292.999,0.00217394,1002.15,1.00E+07,1002.15,0.00217394,0,0
0.168125,292.999,0.00298336,1002.15,1.00E+07,1002.15,0.00298336,0,0
0.169375,292.999,0.00406941,1002.15,9.99E+06,1002.15,0.00406941,0,0
0.170625,292.998,0.00551685,1002.15,9.99E+06,1002.15,0.00551685,0,0
0.171875,292.997,0.00743275,1002.15,9.99E+06,1002.15,0.00743275,0,0
0.173125,292.996,0.00995111,1002.15,9.99E+06,1002.15,0.00995111,0,0
0.174375,292.995,0.013238,1002.14,9.98E+06,1002.14,0.013238,0,0
0.175625,292.994,0.017497,1002.14,9.97E+06,1002.14,0.017497,0,0
0.176875,292.992,0.0229752,1002.14,9.97E+06,1002.14,0.0229752,0,0
0.178125,292.989,0.029969,1002.13,9.96E+06,1002.13,0.029969,0,0
0.179375,292.986,0.0388295,1002.13,9.94E+06,1002.13,0.0388295,0,0
0.180625,292.982,0.0499678,1002.12,9.93E+06,1002.12,0.0499678,0,0
0.181875,292.977,0.0638586,1002.11,9.91E+06,1002.11,0.0638586,0,0
0.183125,292.971,0.0810419,1002.1,9.88E+06,1002.1,0.0810419,0,0
0.184375,292.964,0.102123,1002.08,9.85E+06,1002.08,0.102123,0,0
0.185625,292.954,0.127767,1002.07,9.81E+06,1002.07,0.127767,0,0
0.186875,292.944,0.158693,1002.04,9.76E+06,1002.04,0.158693,0,0
0.188125,292.93,0.195663,1002.02,9.71E+06,1002.02,0.195663,0,0
0.189375,292.915,0.239459,1001.99,9.64E+06,1001.99,0.239459,0,0
0.190625,292.897,0.290865,1001.96,9.57E+06,1001.96,0.290865,0,0
0.191875,292.875,0.350635,1001.91,9.48E+06,1001.91,0.350635,0,0
0.193125,292.851,0.419463,1001.87,9.38E+06,1001.87,0.419463,0,0
0.194375,292.823,0.49794,1001.81,9.26E+06,1001.81,0.49794,0,0
0.195625,292.792,0.586515,1001.75,9.13E+06,1001.75,0.586515,0,0
0.196875,292.757,0.685451,1001.69,8.98E+06,1001.69,0.685451,0,0
0.198125,292.718,0.794783,1001.61,8.82E+06,1001.61,0.794783,0,0
0.199375,292.676,0.914279,1001.53,8.64E+06,1001.53,0.914279,0,0
0.200625,292.631,1.04341,1001.45,8.45E+06,1001.45,1.04341,0,0
0.201875,292.582,1.18131,1001.35,8.25E+06,1001.35,1.18131,0,0
0.203125,292.531,1.32688,1001.25,8.03E+06,1001.25,1.32688,0,0
0.204375,292.478,1.47708,1001.15,7.81E+06,1001.15,1.47708,0,0
0.205625,292.426,1.62493,1001.05,7.59E+06,1001.05,1.62493,0,0
0.206875,292.375,1.76805,1000.95,7.38E+06,1000.95,1.76805,0,0
0.208125,292.327,1.90524,1000.86,7.18E+06,1000.86,1.90524,0,0
0.209375,292.281,2.03526,1000.77,6.99E+06,1000.77,2.03526,0,0
0.210625,292.238,2.15716,1000.69,6.81E+06,1000.69,2.15716,0,0
0.211875,292.198,2.27024,1000.61,6.64E+06,1000.61,2.27024,0,0
0.213125,292.161,2.37404,1000.54,6.49E+06,1000.54,2.37404,0,0
0.214375,292.128,2.46836,1000.48,6.35E+06,1000.48,2.46836,0,0
0.215625,292.098,2.55321,1000.42,6.22E+06,1000.42,2.55321,0,0
0.216875,292.071,2.62878,1000.37,6.11E+06,1000.37,2.62878,0,0
0.218125,292.048,2.69543,1000.33,6.01E+06,1000.33,2.69543,0,0
0.219375,292.027,2.75365,1000.29,5.93E+06,1000.29,2.75365,0,0
0.220625,292.01,2.80403,1000.25,5.85E+06,1000.25,2.80403,0,0
0.221875,291.994,2.84722,1000.22,5.79E+06,1000.22,2.84722,0,0
0.223125,291.982,2.88389,1000.2,5.73E+06,1000.2,2.88389,0,0
0.224375,291.971,2.91475,1000.18,5.69E+06,1000.18,2.91475,0,0
0.225625,291.962,2.94049,1000.16,5.65E+06,1000.16,2.94049,0,0
0.226875,291.954,2.96176,1000.14,5.62E+06,1000.14,2.96176,0,0
0.228125,291.948,2.97918,1000.13,5.59E+06,1000.13,2.97918,0,0
0.229375,291.943,2.99333,1000.12,5.57E+06,1000.12,2.99333,0,0
0.230625,291.939,3.00471,1000.12,5.56E+06,1000.12,3.00471,0,0
0.231875,291.936,3.0138,1000.11,5.54E+06,1000.11,3.0138,0,0
0.233125,291.934,3.021,1000.1,5.53E+06,1000.1,3.021,0,0
0.234375,291.932,3.02664,1000.1,5.52E+06,1000.1,3.02664,0,0
0.235625,291.93,3.03104,1000.1,5.52E+06,1000.1,3.03104,0,0
0.236875,291.929,3.03444,1000.1,5.51E+06,1000.1,3.03444,0,0
0.238125,291.928,3.03704,1000.09,5.51E+06,1000.09,3.03704,0,0
0.239375,291.927,3.03902,1000.09,5.50E+06,1000.09,3.03902,0,0
0.240625,291.927,3.04052,1000.09,5.50E+06,1000.09,3.04052,0,0
0.241875,291.926,3.04164,1000.09,5.50E+06,1000.09,3.04164,0,0
0.243125,291.926,3.04247,1000.09,5.50E+06,1000.09,3.04247,0,0
0.244375,291.926,3.04309,1000.09,5.50E+06,1000.09,3.04309,0,0
0.245625,291.926,3.04355,1000.09,5.50E+06,1000.09,3.04355,0,0
0.246875,291.926,3.04389,1000.09,5.50E+06,1000.09,3.04389,0,0
0.248125,291.926,3.04414,1000.09,5.50E+06,1000.09,3.04414,0,0
0.249375,291.925,3.04432,1000.09,5.50E+06,1000.09,3.04432,0,0
0.250625,291.925,3.04445,1000.09,5.50E+06,1000.09,3.04445,0,0
0.251875,291.925,3.04455,1000.09,5.50E+06,1000.09,3.04455,0,0
0.253125,291.925,3.04462,1000.09,5.50E+06,1000.09,3.04462,0,0
0.254375,291.925,3.04468,1000.09,5.50E+06,1000.09,3.04468,0,0
0.255625,291.925,3.04472,1000.09,5.50E+06,1000.09,3.04472,0,0
0.256875,291.925,3.04476,1000.09,5.50E+06,1000.09,3.04476,0,0
0.258125,291.925,3.04479,1000.09,5.50E+06,1000.09,3.04479,0,0
0.259375,291.925,3.04481,1000.09,5.50E+06,1000.09,3.04481,0,0
0.260625,291.925,3.04483,1000.09,5.50E+06,1000.09,3.04483,0,0
0.261875,291.925,3.04485,1000.09,5.50E+06,1000.09,3.04485,0,0
0.263125,291.925,3.04487,1000.09,5.50E+06,1000.09,3.04487,0,0
0.264375,291.925,3.04488,1000.09,5.50E+06,1000.09,3.04488,0,0
0.265625,291.925,3.04489,1000.09,5.50E+06,1000.09,3.04489,0,0
0.266875,291.925,3.04491,1000.09,5.50E+06,1000.09,3.04491,0,0
0.268125,291.925,3.04492,1000.09,5.50E+06,1000.09,3.04492,0,0
0.269375,291.925,3.04493,1000.09,5.50E+06,1000.09,3.04493,0,0
0.270625,291.925,3.04494,1000.09,5.50E+06,1000.09,3.04494,0,0
0.271875,291.925,3.04495,1000.09,5.50E+06,1000.09,3.04495,0,0
0.273125,291.925,3.04496,1000.09,5.50E+06,1000.09,3.04496,0,0
0.274375,291.925,3.04497,1000.09,5.50E+06,1000.09,3.04497,0,0
0.275625,291.925,3.04498,1000.09,5.50E+06,1000.09,3.04498,0,0
0.276875,291.925,3.04499,1000.09,5.50E+06,1000.09,3.04499,0,0
0.278125,291.925,3.045,1000.09,5.50E+06,1000.09,3.045,0,0
0.279375,291.925,3.04501,1000.09,5.50E+06,1000.09,3.04501,0,0
0.280625,291.925,3.04501,1000.09,5.50E+06,1000.09,3.04501,0,0
0.281875,291.925,3.04502,1000.09,5.50E+06,1000.09,3.04502,0,0
0.283125,291.925,3.04503,1000.09,5.50E+06,1000.09,3.04503,0,0
0.284375,291.925,3.04504,1000.09,5.50E+06,1000.09,3.04504,0,0
0.285625,291.925,3.04504,1000.09,5.50E+06,1000.09,3.04504,0,0
0.286875,291.925,3.04505,1000.09,5.50E+06,1000.09,3.04505,0,0
0.288125,291.925,3.04506,1000.09,5.50E+06,1000.09,3.04506,0,0
0.289375,291.925,3.04506,1000.09,5.50E+06,1000.09,3.04506,0,0
0.290625,291.925,3.04507,1000.09,5.50E+06,1000.09,3.04507,0,0
0.291875,291.925,3.04507,1000.09,5.50E+06,1000.09,3.04507,0,0
0.293125,291.925,3.04508,1000.09,5.50E+06,1000.09,3.04508,0,0
0.294375,291.925,3.04509,1000.09,5.50E+06,1000.09,3.04509,0,0
0.295625,291.925,3.04509,1000.09,5.50E+06,1000.09,3.04509,0,0
0.296875,291.925,3.0451,1000.09,5.50E+06,1000.09,3.0451,0,0
0.298125,291.925,3.0451,1000.09,5.50E+06,1000.09,3.0451,0,0
0.299375,291.925,3.04511,1000.09,5.50E+06,1000.09,3.04511,0,0
0.300625,291.925,3.04511,1000.09,5.50E+06,1000.09,3.04511,0,0
0.301875,291.925,3.04512,1000.09,5.50E+06,1000.09,3.04512,0,0
0.303125,291.925,3.04512,1000.09,5.50E+06,1000.09,3.04512,0,0
0.304375,291.925,3.04513,1000.09,5.50E+06,1000.09,3.04513,0,0
0.305625,291.925,3.04513,1000.09,5.50E+06,1000.09,3.04513,0,0
0.306875,291.925,3.04513,1000.09,5.50E+06,1000.09,3.04513,0,0
0.308125,291.925,3.04514,1000.09,5.50E+06,1000.09,3.04514,0,0
0.309375,291.925,3.04514,1000.09,5.50E+06,1000.09,3.04514,0,0
0.310625,291.925,3.04515,1000.09,5.50E+06,1000.09,3.04515,0,0
0.311875,291.925,3.04515,1000.09,5.50E+06,1000.09,3.04515,0,0
0.313125,291.925,3.04515,1000.09,5.50E+06,1000.09,3.04515,0,0
0.314375,291.925,3.04516,1000.09,5.50E+06,1000.09,3.04516,0,0
0.315625,291.925,3.04516,1000.09,5.50E+06,1000.09,3.04516,0,0
0.316875,291.925,3.04516,1000.09,5.50E+06,1000.09,3.04516,0,0
0.318125,291.925,3.04517,1000.09,5.50E+06,1000.09,3.04517,0,0
0.319375,291.925,3.04517,1000.09,5.50E+06,1000.09,3.04517,0,0
0.320625,291.925,3.04517,1000.09,5.50E+06,1000.09,3.04517,0,0
0.321875,291.925,3.04518,1000.09,5.50E+06,1000.09,3.04518,0,0
0.323125,291.925,3.04518,1000.09,5.50E+06,1000.09,3.04518,0,0
0.324375,291.925,3.04518,1000.09,5.50E+06,1000.09,3.04518,0,0
0.325625,291.925,3.04519,1000.09,5.50E+06,1000.09,3.04519,0,0
0.326875,291.925,3.04519,1000.09,5.50E+06,1000.09,3.04519,0,0
0.328125,291.925,3.04519,1000.09,5.50E+06,1000.09,3.04519,0,0
0.329375,291.925,3.0452,1000.09,5.50E+06,1000.09,3.0452,0,0
0.330625,291.925,3.0452,1000.09,5.50E+06,1000.09,3.0452,0,0
0.331875,291.925,3.0452,1000.09,5.50E+06,1000.09,3.0452,0,0
0.333125,291.925,3.0452,1000.09,5.50E+06,1000.09,3.0452,0,0
0.334375,291.925,3.04521,1000.09,5.50E+06,1000.09,3.04521,0,0
0.335625,291.925,3.04521,1000.09,5.50E+06,1000.09,3.04521,0,0
0.336875,291.925,3.04521,1000.09,5.50E+06,1000.09,3.04521,0,0
0.338125,291.925,3.04521,1000.09,5.50E+06,1000.09,3.04521,0,0
0.339375,291.925,3.04522,1000.09,5.50E+06,1000.09,3.04522,0,0
0.340625,291.925,3.04522,1000.09,5.50E+06,1000.09,3.04522,0,0
0.341875,291.925,3.04522,1000.09,5.50E+06,1000.09,3.04522,0,0
0.343125,291.925,3.04522,1000.09,5.50E+06,1000.09,3.04522,0,0
0.344375,291.925,3.04523,1000.09,5.50E+06,1000.09,3.04523,0,0
0.345625,291.925,3.04523,1000.09,5.50E+06,1000.09,3.04523,0,0
0.346875,291.925,3.04523,1000.09,5.50E+06,1000.09,3.04523,0,0
0.348125,291.925,3.04523,1000.09,5.50E+06,1000.09,3.04523,0,0
0.349375,291.925,3.04523,1000.09,5.50E+06,1000.09,3.04523,0,0
0.350625,291.925,3.04524,1000.09,5.50E+06,1000.09,3.04524,0,0
0.351875,291.925,3.04524,1000.09,5.50E+06,1000.09,3.04524,0,0
0.353125,291.925,3.04524,1000.09,5.50E+06,1000.09,3.04524,0,0
0.354375,291.925,3.04524,1000.09,5.50E+06,1000.09,3.04524,0,0
0.355625,291.925,3.04524,1000.09,5.50E+06,1000.09,3.04524,0,0
0.356875,291.925,3.04524,1000.09,5.50E+06,1000.09,3.04524,0,0
0.358125,291.925,3.04525,1000.09,5.50E+06,1000.09,3.04525,0,0
0.359375,291.925,3.04525,1000.09,5.50E+06,1000.09,3.04525,0,0
0.360625,291.925,3.04525,1000.09,5.50E+06,1000.09,3.04525,0,0
0.361875,291.925,3.04525,1000.09,5.50E+06,1000.09,3.04525,0,0
0.363125,291.925,3.04525,1000.09,5.50E+06,1000.09,3.04525,0,0
0.364375,291.925,3.04525,1000.09,5.50E+06,1000.09,3.04525,0,0
0.365625,291.925,3.04526,1000.09,5.50E+06,1000.09,3.04526,0,0
0.366875,291.925,3.04526,1000.09,5.50E+06,1000.09,3.04526,0,0
0.368125,291.925,3.04526,1000.09,5.50E+06,1000.09,3.04526,0,0
0.369375,291.925,3.04526,1000.09,5.50E+06,1000.09,3.04526,0,0
0.370625,291.925,3.04526,1000.09,5.50E+06,1000.09,3.04526,0,0
0.371875,291.925,3.04526,1000.09,5.50E+06,1000.09,3.04526,0,0
0.373125,291.925,3.04526,1000.09,5.50E+06,1000.09,3.04526,0,0
0.374375,291.925,3.04527,1000.09,5.50E+06,1000.09,3.04527,0,0
0.375625,291.925,3.04527,1000.09,5.50E+06,1000.09,3.04527,0,0
0.376875,291.925,3.04527,1000.09,5.50E+06,1000.09,3.04527,0,0
0.378125,291.925,3.04527,1000.09,5.50E+06,1000.09,3.04527,0,0
0.379375,291.925,3.04527,1000.09,5.50E+06,1000.09,3.04527,0,0
0.380625,291.925,3.04527,1000.09,5.50E+06,1000.09,3.04527,0,0
0.381875,291.925,3.04527,1000.09,5.50E+06,1000.09,3.04527,0,0
0.383125,291.925,3.04528,1000.09,5.50E+06,1000.09,3.04528,0,0
0.384375,291.925,3.04528,1000.09,5.50E+06,1000.09,3.04528,0,0
0.385625,291.925,3.04528,1000.09,5.50E+06,1000.09,3.04528,0,0
0.386875,291.925,3.04528,1000.09,5.50E+06,1000.09,3.04528,0,0
0.388125,291.925,3.04528,1000.09,5.50E+06,1000.09,3.04528,0,0
0.389375,291.925,3.04528,1000.09,5.50E+06,1000.09,3.04528,0,0
0.390625,291.925,3.04528,1000.09,5.50E+06,1000.09,3.04528,0,0
0.391875,291.925,3.04528,1000.09,5.50E+06,1000.09,3.04528,0,0
0.393125,291.925,3.04528,1000.09,5.50E+06,1000.09,3.04528,0,0
0.394375,291.925,3.04529,1000.09,5.50E+06,1000.09,3.04529,0,0
0.395625,291.925,3.04529,1000.09,5.50E+06,1000.09,3.04529,0,0
0.396875,291.925,3.04529,1000.09,5.50E+06,1000.09,3.04529,0,0
0.398125,291.925,3.04529,1000.09,5.50E+06,1000.09,3.04529,0,0
0.399375,291.925,3.04529,1000.09,5.50E+06,1000.09,3.04529,0,0
0.400625,291.925,3.04529,1000.09,5.50E+06,1000.09,3.04529,0,0
0.401875,291.925,3.04529,1000.09,5.50E+06,1000.09,3.04529,0,0
0.403125,291.925,3.04529,1000.09,5.50E+06,1000.09,3.04529,0,0
0.404375,291.925,3.04529,1000.09,5.50E+06,1000.09,3.04529,0,0
0.405625,291.925,3.04529,1000.09,5.50E+06,1000.09,3.04529,0,0
0.406875,291.925,3.04529,1000.09,5.50E+06,1000.09,3.04529,0,0
0.408125,291.925,3.04529,1000.09,5.50E+06,1000.09,3.04529,0,0
0.409375,291.925,3.0453,1000.09,5.50E+06,1000.09,3.0453,0,0
0.410625,291.925,3.0453,1000.09,5.50E+06,1000.09,3.0453,0,0
0.411875,291.925,3.0453,1000.09,5.50E+06,1000.09,3.0453,0,0
0.413125,291.925,3.0453,1000.09,5.50E+06,1000.09,3.0453,0,0
0.414375,291.925,3.0453,1000.09,5.50E+06,1000.09,3.0453,0,0
0.415625,291.925,3.0453,1000.09,5.50E+06,1000.09,3.0453,0,0
0.416875,291.925,3.0453,1000.09,5.50E+06,1000.09,3.0453,0,0
0.418125,291.925,3.0453,1000.09,5.50E+06,1000.09,3.0453,0,0
0.419375,291.925,3.0453,1000.09,5.50E+06,1000.09,3.0453,0,0
0.420625,291.925,3.0453,1000.09,5.50E+06,1000.09,3.0453,0,0
0.421875,291.925,3.0453,1000.09,5.50E+06,1000.09,3.0453,0,0
0.423125,291.925,3.0453,1000.09,5.50E+06,1000.09,3.0453,0,0
0.424375,291.925,3.0453,1000.09,5.50E+06,1000.09,3.0453,0,0
0.425625,291.925,3.0453,1000.09,5.50E+06,1000.09,3.0453,0,0
0.426875,291.925,3.0453,1000.09,5.50E+06,1000.09,3.0453,0,0
0.428125,291.925,3.04531,1000.09,5.50E+06,1000.09,3.04531,0,0
0.429375,291.925,3.04531,1000.09,5.50E+06,1000.09,3.04531,0,0
0.430625,291.925,3.04531,1000.09,5.50E+06,1000.09,3.04531,0,0
0.431875,291.925,3.04531,1000.09,5.50E+06,1000.09,3.04531,0,0
0.433125,291.925,3.04531,1000.09,5.50E+06,1000.09,3.04531,0,0
0.434375,291.925,3.04531,1000.09,5.50E+06,1000.09,3.04531,0,0
0.435625,291.925,3.04531,1000.09,5.50E+06,1000.09,3.04531,0,0
0.436875,291.925,3.04531,1000.09,5.50E+06,1000.09,3.04531,0,0
0.438125,291.925,3.04531,1000.09,5.50E+06,1000.09,3.04531,0,0
0.439375,291.925,3.04531,1000.09,5.50E+06,1000.09,3.04531,0,0
0.440625,291.925,3.04531,1000.09,5.50E+06,1000.09,3.04531,0,0
0.441875,291.925,3.04531,1000.09,5.50E+06,1000.09,3.04531,0,0
0.443125,291.925,3.04531,1000.09,5.50E+06,1000.09,3.04531,0,0
0.444375,291.925,3.04531,1000.09,5.50E+06,1000.09,3.04531,0,0
0.445625,291.925,3.04531,1000.09,5.50E+06,1000.09,3.04531,0,0
0.446875,291.925,3.04531,1000.09,5.50E+06,1000.09,3.04531,0,0
0.448125,291.925,3.04531,1000.09,5.50E+06,1000.09,3.04531,0,0
0.449375,291.925,3.04531,1000.09,5.50E+06,1000.09,3.04531,0,0
0.450625,291.925,3.04531,1000.09,5.50E+06,1000.09,3.04531,0,0
0.451875,291.925,3.04531,1000.09,5.50E+06,1000.09,3.04531,0,0
0.453125,291.925,3.04531,1000.09,5.50E+06,1000.09,3.04531,0,0
0.454375,291.925,3.04531,1000.09,5.50E+06,1000.09,3.04531,0,0
0.455625,291.925,3.04531,1000.09,5.50E+06,1000.09,3.04531,0,0
0.456875,291.925,3.04531,1000.09,5.50E+06,1000.09,3.04531,0,0
0.458125,291.925,3.04531,1000.09,5.50E+06,1000.09,3.04531,0,0
0.459375,291.925,3.04531,1000.09,5.50E+06,1000.09,3.04531,0,0
0.460625,291.924,3.04532,1000.09,5.50E+06,1000.09,3.04532,0,0
0.461875,291.924,3.04532,1000.09,5.50E+06,1000.09,3.04532,0,0
0.463125,291.924,3.04532,1000.09,5.50E+06,1000.09,3.04532,0,0
0.464375,291.924,3.04532,1000.09,5.50E+06,1000.09,3.04532,0,0
0.465625,291.924,3.04532,1000.09,5.50E+06,1000.09,3.04532,0,0
0.466875,291.924,3.04532,1000.09,5.50E+06,1000.09,3.04532,0,0
0.468125,291.924,3.04532,1000.09,5.50E+06,1000.09,3.04532,0,0
0.469375,291.924,3.04532,1000.09,5.50E+06,1000.09,3.04532,0,0
0.470625,291.924,3.04532,1000.09,5.50E+06,1000.09,3.04532,0,0
0.471875,291.924,3.04532,1000.09,5.50E+06,1000.09,3.04532,0,0
0.473125,291.925,3.04532,1000.09,5.50E+06,1000.09,3.04532,0,0
0.474375,291.925,3.04532,1000.09,5.50E+06,1000.09,3.04532,0,0
0.475625,291.925,3.04532,1000.09,5.50E+06,1000.09,3.04532,0,0
0.476875,291.926,3.04532,1000.09,5.50E+06,1000.09,3.04532,0,0
0.478125,291.927,3.04532,1000.09,5.50E+06,1000.09,3.04532,0,0
0.479375,291.928,3.04532,1000.09,5.50E+06,1000.09,3.04532,0,0
0.480625,291.931,3.04532,1000.09,5.50E+06,1000.09,3.04532,0,0
0.481875,291.934,3.04532,1000.09,5.50E+06,1000.09,3.04532,0,0
0.483125,291.94,3.04532,1000.09,5.50E+06,1000.09,3.04532,0,0
0.484375,291.947,3.04532,1000.09,5.50E+06,1000.09,3.04532,0,0
0.485625,291.957,3.04532,1000.09,5.50E+06,1000.09,3.04532,0,0
0.486875,291.972,3.04532,1000.09,5.50E+06,1000.09,3.04532,0,0
0.488125,291.992,3.04532,1000.09,5.50E+06,1000.09,3.04532,0,0
0.489375,292.02,3.04532,1000.09,5.50E+06,1000.09,3.04532,0,0
0.490625,292.056,3.04532,1000.09,5.50E+06,1000.09,3.04532,0,0
0.491875,292.104,3.04532,1000.09,5.50E+06,1000.09,3.04532,0,0
0.493125,292.167,3.04532,1000.09,5.50E+06,1000.09,3.04532,0,0
0.494375,292.246,3.04532,1000.09,5.50E+06,1000.09,3.04532,0,0
0.495625,292.346,3.04532,1000.08,5.50E+06,1000.08,3.04532,0,0
0.496875,292.469,3.04532,1000.08,5.50E+06,1000.08,3.04532,0,0
0.498125,292.619,3.04532,1000.08,5.50E+06,1000.08,3.04532,0,0
0.499375,292.796,3.04532,1000.08,5.50E+06,1000.08,3.04532,0,0
0.500625,293.003,3.04532,1000.08,5.50E+06,1000.08,3.04532,0,0
0.501875,293.209,3.04532,1000.08,5.50E+06,1000.08,3.04532,0,0
0.503125,293.386,3.04532,1000.08,5.50E+06,1000.08,3.04532,0,0
0.504375,293.535,3.04532,1000.07,5.50E+06,1000.07,3.04532,0,0
0.505625,293.658,3.04532,1000.07,5.50E+06,1000.07,3.04532,0,0
0.506875,293.757,3.04532,1000.07,5.50E+06,1000.07,3.04532,0,0
0.508125,293.836,3.04532,1000.07,5.50E+06,1000.07,3.04532,0,0
0.509375,293.898,3.04532,1000.07,5.50E+06,1000.07,3.04532,0,0
0.510625,293.946,3.04532,1000.07,5.50E+06,1000.07,3.04532,0,0
0.511875,293.982,3.04532,1000.07,5.50E+06,1000.07,3.04532,0,0
0.513125,294.009,3.04532,1000.07,5.50E+06,1000.07,3.04532,0,0
0.514375,294.029,3.04532,1000.07,5.50E+06,1000.07,3.04532,0,0
0.515625,294.043,3.04532,1000.07,5.50E+06,1000.07,3.04532,0,0
0.516875,294.054,3.04532,1000.07,5.50E+06,1000.07,3.04532,0,0
0.518125,294.061,3.04532,1000.07,5.50E+06,1000.07,3.04532,0,0
0.519375,294.066,3.04531,1000.07,5.50E+06,1000.07,3.04531,0,0
0.520625,294.07,3.04531,1000.07,5.50E+06,1000.07,3.04531,0,0
0.521875,294.072,3.04531,1000.07,5.50E+06,1000.07,3.04531,0,0
0.523125,294.074,3.04531,1000.07,5.50E+06,1000.07,3.04531,0,0
0.524375,294.075,3.04531,1000.07,5.50E+06,1000.07,3.04531,0,0
0.525625,294.075,3.04531,1000.07,5.50E+06,1000.07,3.04531,0,0
0.526875,294.076,3.04531,1000.07,5.50E+06,1000.07,3.04531,0,0
0.528125,294.076,3.04531,1000.07,5.50E+06,1000.07,3.04531,0,0
0.529375,294.076,3.04531,1000.07,5.50E+06,1000.07,3.04531,0,0
0.530625,294.076,3.04531,1000.07,5.50E+06,1000.07,3.04531,0,0
0.531875,294.076,3.04531,1000.07,5.50E+06,1000.07,3.04531,0,0
0.533125,294.076,3.04531,1000.07,5.50E+06,1000.07,3.04531,0,0
0.534375,294.076,3.04531,1000.07,5.50E+06,1000.07,3.04531,0,0
0.535625,294.076,3.04531,1000.07,5.50E+06,1000.07,3.04531,0,0
0.536875,294.076,3.04531,1000.07,5.50E+06,1000.07,3.04531,0,0
0.538125,294.076,3.04531,1000.07,5.50E+06,1000.07,3.04531,0,0
0.539375,294.076,3.04531,1000.07,5.50E+06,1000.07,3.04531,0,0
0.540625,294.076,3.04531,1000.07,5.50E+06,1000.07,3.04531,0,0
0.541875,294.076,3.04531,1000.07,5.50E+06,1000.07,3.04531,0,0
0.543125,294.076,3.04531,1000.07,5.50E+06,1000.07,3.04531,0,0
0.544375,294.076,3.04531,1000.07,5.50E+06,1000.07,3.04531,0,0
0.545625,294.076,3.04531,1000.07,5.50E+06,1000.07,3.04531,0,0
0.546875,294.076,3.04531,1000.07,5.50E+06,1000.07,3.04531,0,0
0.548125,294.076,3.04531,1000.07,5.50E+06,1000.07,3.04531,0,0
0.549375,294.076,3.04531,1000.07,5.50E+06,1000.07,3.04531,0,0
0.550625,294.076,3.0453,1000.07,5.50E+06,1000.07,3.0453,0,0
0.551875,294.076,3.0453,1000.07,5.50E+06,1000.07,3.0453,0,0
0.553125,294.076,3.0453,1000.07,5.50E+06,1000.07,3.0453,0,0
0.554375,294.075,3.0453,1000.07,5.50E+06,1000.07,3.0453,0,0
0.555625,294.075,3.0453,1000.07,5.50E+06,1000.07,3.0453,0,0
0.556875,294.075,3.0453,1000.07,5.50E+06,1000.07,3.0453,0,0
0.558125,294.075,3.0453,1000.07,5.50E+06,1000.07,3.0453,0,0
0.559375,294.075,3.0453,1000.07,5.50E+06,1000.07,3.0453,0,0
0.560625,294.075,3.0453,1000.07,5.50E+06,1000.07,3.0453,0,0
0.561875,294.075,3.0453,1000.07,5.50E+06,1000.07,3.0453,0,0
0.563125,294.075,3.0453,1000.07,5.50E+06,1000.07,3.0453,0,0
0.564375,294.075,3.0453,1000.07,5.50E+06,1000.07,3.0453,0,0
0.565625,294.075,3.0453,1000.07,5.50E+06,1000.07,3.0453,0,0
0.566875,294.075,3.0453,1000.07,5.50E+06,1000.07,3.0453,0,0
0.568125,294.075,3.0453,1000.07,5.50E+06,1000.07,3.0453,0,0
0.569375,294.075,3.0453,1000.07,5.50E+06,1000.07,3.0453,0,0
0.570625,294.075,3.04529,1000.07,5.50E+06,1000.07,3.04529,0,0
0.571875,294.075,3.04529,1000.07,5.50E+06,1000.07,3.04529,0,0
0.573125,294.075,3.04529,1000.07,5.50E+06,1000.07,3.04529,0,0
0.574375,294.075,3.04529,1000.07,5.50E+06,1000.07,3.04529,0,0
0.575625,294.075,3.04529,1000.07,5.50E+06,1000.07,3.04529,0,0
0.576875,294.075,3.04529,1000.07,5.50E+06,1000.07,3.04529,0,0
0.578125,294.075,3.04529,1000.07,5.50E+06,1000.07,3.04529,0,0
0.579375,294.075,3.04529,1000.07,5.50E+06,1000.07,3.04529,0,0
0.580625,294.075,3.04529,1000.07,5.50E+06,1000.07,3.04529,0,0
0.581875,294.075,3.04529,1000.07,5.50E+06,1000.07,3.04529,0,0
0.583125,294.075,3.04529,1000.07,5.50E+06,1000.07,3.04529,0,0
0.584375,294.075,3.04528,1000.07,5.50E+06,1000.07,3.04528,0,0
0.585625,294.075,3.04528,1000.07,5.50E+06,1000.07,3.04528,0,0
0.586875,294.075,3.04528,1000.07,5.50E+06,1000.07,3.04528,0,0
0.588125,294.075,3.04528,1000.07,5.50E+06,1000.07,3.04528,0,0
0.589375,294.075,3.04528,1000.07,5.50E+06,1000.07,3.04528,0,0
0.590625,294.075,3.04528,1000.07,5.50E+06,1000.07,3.04528,0,0
0.591875,294.075,3.04528,1000.07,5.50E+06,1000.07,3.04528,0,0
0.593125,294.075,3.04528,1000.07,5.50E+06,1000.07,3.04528,0,0
0.594375,294.075,3.04528,1000.07,5.50E+06,1000.07,3.04528,0,0
0.595625,294.075,3.04528,1000.07,5.50E+06,1000.07,3.04528,0,0
0.596875,294.075,3.04527,1000.07,5.50E+06,1000.07,3.04527,0,0
0.598125,294.075,3.04527,1000.07,5.50E+06,1000.07,3.04527,0,0
0.599375,294.075,3.04527,1000.07,5.50E+06,1000.07,3.04527,0,0
0.600625,294.075,3.04527,1000.07,5.50E+06,1000.07,3.04527,0,0
0.601875,294.075,3.04527,1000.07,5.50E+06,1000.07,3.04527,0,0
0.603125,294.075,3.04527,1000.07,5.50E+06,1000.07,3.04527,0,0
0.604375,294.075,3.04527,1000.07,5.50E+06,1000.07,3.04527,0,0
0.605625,294.075,3.04527,1000.07,5.50E+06,1000.07,3.04527,0,0
0.606875,294.075,3.04527,1000.07,5.50E+06,1000.07,3.04527,0,0
0.608125,294.075,3.04526,1000.07,5.50E+06,1000.07,3.04526,0,0
0.609375,294.075,3.04526,1000.07,5.50E+06,1000.07,3.04526,0,0
0.610625,294.075,3.04526,1000.07,5.50E+06,1000.07,3.04526,0,0
0.611875,294.075,3.04526,1000.07,5.50E+06,1000.07,3.04526,0,0
0.613125,294.075,3.04526,1000.07,5.50E+06,1000.07,3.04526,0,0
0.614375,294.075,3.04526,1000.07,5.50E+06,1000.07,3.04526,0,0
0.615625,294.075,3.04526,1000.07,5.50E+06,1000.07,3.04526,0,0
0.616875,294.075,3.04525,1000.07,5.50E+06,1000.07,3.04525,0,0
0.618125,294.075,3.04525,1000.07,5.50E+06,1000.07,3.04525,0,0
0.619375,294.075,3.04525,1000.07,5.50E+06,1000.07,3.04525,0,0
0.620625,294.075,3.04525,1000.07,5.50E+06,1000.07,3.04525,0,0
0.621875,294.075,3.04525,1000.07,5.50E+06,1000.07,3.04525,0,0
0.623125,294.075,3.04525,1000.07,5.50E+06,1000.07,3.04525,0,0
0.624375,294.075,3.04524,1000.07,5.49E+06,1000.07,3.04524,0,0
0.625625,294.075,3.04524,1000.07,5.49E+06,1000.07,3.04524,0,0
0.626875,294.075,3.04524,1000.07,5.49E+06,1000.07,3.04524,0,0
0.628125,294.075,3.04524,1000.07,5.49E+06,1000.07,3.04524,0,0
0.629375,294.075,3.04524,1000.07,5.49E+06,1000.07,3.04524,0,0
0.630625,294.075,3.04524,1000.07,5.49E+06,1000.07,3.04524,0,0
0.631875,294.075,3.04523,1000.07,5.49E+06,1000.07,3.04523,0,0
0.633125,294.075,3.04523,1000.07,5.49E+06,1000.07,3.04523,0,0
0.634375,294.075,3.04523,1000.07,5.49E+06,1000.07,3.04523,0,0
0.635625,294.075,3.04523,1000.07,5.49E+06,1000.07,3.04523,0,0
0.636875,294.075,3.04523,1000.07,5.49E+06,1000.07,3.04523,0,0
0.638125,294.075,3.04523,1000.07,5.49E+06,1000.07,3.04523,0,0
0.639375,294.075,3.04522,1000.07,5.49E+06,1000.07,3.04522,0,0
0.640625,294.075,3.04522,1000.07,5.49E+06,1000.07,3.04522,0,0
0.641875,294.075,3.04522,1000.07,5.49E+06,1000.07,3.04522,0,0
0.643125,294.075,3.04522,1000.07,5.49E+06,1000.07,3.04522,0,0
0.644375,294.075,3.04522,1000.07,5.49E+06,1000.07,3.04522,0,0
0.645625,294.075,3.04521,1000.07,5.49E+06,1000.07,3.04521,0,0
0.646875,294.075,3.04521,1000.07,5.49E+06,1000.07,3.04521,0,0
0.648125,294.075,3.04521,1000.07,5.49E+06,1000.07,3.04521,0,0
0.649375,294.075,3.04521,1000.07,5.49E+06,1000.07,3.04521,0,0
0.650625,294.075,3.0452,1000.07,5.49E+06,1000.07,3.0452,0,0
0.651875,294.075,3.0452,1000.07,5.49E+06,1000.07,3.0452,0,0
0.653125,294.075,3.0452,1000.07,5.49E+06,1000.07,3.0452,0,0
0.654375,294.075,3.0452,1000.07,5.49E+06,1000.07,3.0452,0,0
0.655625,294.075,3.04519,1000.07,5.49E+06,1000.07,3.04519,0,0
0.656875,294.075,3.04519,1000.07,5.49E+06,1000.07,3.04519,0,0
0.658125,294.075,3.04519,1000.07,5.49E+06,1000.07,3.04519,0,0
0.659375,294.075,3.04519,1000.07,5.49E+06,1000.07,3.04519,0,0
0.660625,294.075,3.04518,1000.07,5.49E+06,1000.07,3.04518,0,0
0.661875,294.075,3.04518,1000.07,5.49E+06,1000.07,3.04518,0,0
0.663125,294.075,3.04518,1000.07,5.49E+06,1000.07,3.04518,0,0
0.664375,294.075,3.04518,1000.07,5.49E+06,1000.07,3.04518,0,0
0.665625,294.075,3.04517,1000.07,5.49E+06,1000.07,3.04517,0,0
0.666875,294.075,3.04517,1000.07,5.49E+06,1000.07,3.04517,0,0
0.668125,294.075,3.04517,1000.07,5.49E+06,1000.07,3.04517,0,0
0.669375,294.075,3.04516,1000.07,5.49E+06,1000.07,3.04516,0,0
0.670625,294.075,3.04516,1000.07,5.49E+06,1000.07,3.04516,0,0
0.671875,294.075,3.04516,1000.07,5.49E+06,1000.07,3.04516,0,0
0.673125,294.075,3.04515,1000.07,5.49E+06,1000.07,3.04515,0,0
0.674375,294.075,3.04515,1000.07,5.49E+06,1000.07,3.04515,0,0
0.675625,294.075,3.04515,1000.07,5.49E+06,1000.07,3.04515,0,0
0.676875,294.075,3.04514,1000.07,5.49E+06,1000.07,3.04514,0,0
0.678125,294.075,3.04514,1000.07,5.49E+06,1000.07,3.04514,0,0
0.679375,294.075,3.04514,1000.07,5.49E+06,1000.07,3.04514,0,0
0.680625,294.075,3.04513,1000.07,5.49E+06,1000.07,3.04513,0,0
0.681875,294.075,3.04513,1000.07,5.49E+06,1000.07,3.04513,0,0
0.683125,294.075,3.04513,1000.07,5.49E+06,1000.07,3.04513,0,0
0.684375,294.075,3.04512,1000.07,5.49E+06,1000.07,3.04512,0,0
0.685625,294.075,3.04512,1000.07,5.49E+06,1000.07,3.04512,0,0
0.686875,294.075,3.04511,1000.07,5.49E+06,1000.07,3.04511,0,0
0.688125,294.075,3.04511,1000.07,5.49E+06,1000.07,3.04511,0,0
0.689375,294.075,3.0451,1000.07,5.49E+06,1000.07,3.0451,0,0
0.690625,294.075,3.0451,1000.07,5.49E+06,1000.07,3.0451,0,0
0.691875,294.075,3.0451,1000.07,5.49E+06,1000.07,3.0451,0,0
0.693125,294.075,3.04509,1000.07,5.49E+06,1000.07,3.04509,0,0
0.694375,294.075,3.04509,1000.07,5.49E+06,1000.07,3.04509,0,0
0.695625,294.075,3.04508,1000.07,5.49E+06,1000.07,3.04508,0,0
0.696875,294.075,3.04508,1000.07,5.49E+06,1000.07,3.04508,0,0
0.698125,294.075,3.04507,1000.07,5.49E+06,1000.07,3.04507,0,0
0.699375,294.075,3.04506,1000.07,5.49E+06,1000.07,3.04506,0,0
0.700625,294.075,3.04506,1000.07,5.49E+06,1000.07,3.04506,0,0
0.701875,294.075,3.04505,1000.07,5.49E+06,1000.07,3.04505,0,0
0.703125,294.075,3.04505,1000.07,5.49E+06,1000.07,3.04505,0,0
0.704375,294.075,3.04504,1000.07,5.49E+06,1000.07,3.04504,0,0
0.705625,294.075,3.04504,1000.07,5.49E+06,1000.07,3.04504,0,0
0.706875,294.075,3.04503,1000.07,5.49E+06,1000.07,3.04503,0,0
0.708125,294.075,3.04502,1000.07,5.49E+06,1000.07,3.04502,0,0
0.709375,294.075,3.04502,1000.07,5.49E+06,1000.07,3.04502,0,0
0.710625,294.075,3.04501,1000.07,5.49E+06,1000.07,3.04501,0,0
0.711875,294.075,3.045,1000.07,5.49E+06,1000.07,3.045,0,0
0.713125,294.075,3.045,1000.07,5.49E+06,1000.07,3.045,0,0
0.714375,294.075,3.04499,1000.07,5.49E+06,1000.07,3.04499,0,0
0.715625,294.075,3.04498,1000.07,5.49E+06,1000.07,3.04498,0,0
0.716875,294.075,3.04497,1000.07,5.49E+06,1000.07,3.04497,0,0
0.718125,294.075,3.04497,1000.07,5.49E+06,1000.07,3.04497,0,0
0.719375,294.075,3.04496,1000.07,5.49E+06,1000.07,3.04496,0,0
0.720625,294.075,3.04495,1000.07,5.49E+06,1000.07,3.04495,0,0
0.721875,294.075,3.04494,1000.07,5.49E+06,1000.07,3.04494,0,0
0.723125,294.075,3.04493,1000.07,5.49E+06,1000.07,3.04493,0,0
0.724375,294.075,3.04492,1000.07,5.49E+06,1000.07,3.04492,0,0
0.725625,294.075,3.04491,1000.07,5.49E+06,1000.07,3.04491,0,0
0.726875,294.075,3.0449,1000.07,5.49E+06,1000.07,3.0449,0,0
0.728125,294.075,3.04489,1000.07,5.49E+06,1000.07,3.04489,0,0
0.729375,294.075,3.04488,1000.07,5.49E+06,1000.07,3.04488,0,0
0.730625,294.075,3.04487,1000.07,5.49E+06,1000.07,3.04487,0,0
0.731875,294.075,3.04486,1000.07,5.49E+06,1000.07,3.04486,0,0
0.733125,294.075,3.04484,1000.07,5.49E+06,1000.07,3.04484,0,0
0.734375,294.075,3.04483,1000.07,5.49E+06,1000.07,3.04483,0,0
0.735625,294.075,3.04482,1000.07,5.49E+06,1000.07,3.04482,0,0
0.736875,294.075,3.0448,1000.07,5.49E+06,1000.07,3.0448,0,0
0.738125,294.075,3.04479,1000.07,5.49E+06,1000.07,3.04479,0,0
0.739375,294.075,3.04477,1000.07,5.49E+06,1000.07,3.04477,0,0
0.740625,294.075,3.04475,1000.07,5.49E+06,1000.07,3.04475,0,0
0.741875,294.075,3.04473,1000.07,5.49E+06,1000.07,3.04473,0,0
0.743125,294.075,3.04471,1000.07,5.49E+06,1000.07,3.04471,0,0
0.744375,294.075,3.04468,1000.07,5.49E+06,1000.07,3.04468,0,0
0.745625,294.075,3.04465,1000.07,5.49E+06,1000.07,3.04465,0,0
0.746875,294.075,3.04461,1000.07,5.49E+06,1000.07,3.04461,0,0
0.748125,294.075,3.04456,1000.07,5.49E+06,1000.07,3.04456,0,0
0.749375,294.075,3.04449,1000.07,5.49E+06,1000.07,3.04449,0,0
0.750625,294.075,3.0444,1000.07,5.49E+06,1000.07,3.0444,0,0
0.751875,294.075,3.04428,1000.07,5.49E+06,1000.07,3.04428,0,0
0.753125,294.075,3.04412,1000.07,5.49E+06,1000.07,3.04412,0,0
0.754375,294.074,3.04391,1000.07,5.49E+06,1000.07,3.04391,0,0
0.755625,294.074,3.04361,1000.07,5.49E+06,1000.07,3.04361,0,0
0.756875,294.074,3.04321,1000.07,5.49E+06,1000.07,3.04321,0,0
0.758125,294.074,3.04267,1000.07,5.49E+06,1000.07,3.04267,0,0
0.759375,294.074,3.04194,1000.07,5.49E+06,1000.07,3.04194,0,0
0.760625,294.073,3.04095,1000.07,5.49E+06,1000.07,3.04095,0,0
0.761875,294.073,3.03962,1000.07,5.49E+06,1000.07,3.03962,0,0
0.763125,294.072,3.03785,1000.06,5.48E+06,1000.06,3.03785,0,0
0.764375,294.072,3.03552,1000.06,5.48E+06,1000.06,3.03552,0,0
0.765625,294.07,3.03245,1000.06,5.48E+06,1000.06,3.03245,0,0
0.766875,294.069,3.02845,1000.06,5.47E+06,1000.06,3.02845,0,0
0.768125,294.067,3.02328,1000.05,5.46E+06,1000.05,3.02328,0,0
0.769375,294.065,3.01663,1000.05,5.45E+06,1000.05,3.01663,0,0
0.770625,294.062,3.00816,1000.04,5.44E+06,1000.04,3.00816,0,0
0.771875,294.058,2.99746,1000.04,5.42E+06,1000.04,2.99746,0,0
0.773125,294.054,2.98405,1000.03,5.40E+06,1000.03,2.98405,0,0
0.774375,294.048,2.96739,1000.02,5.38E+06,1000.02,2.96739,0,0
0.775625,294.04,2.94686,1000,5.35E+06,1000,2.94686,0,0
0.776875,294.032,2.92179,999.986,5.31E+06,999.986,2.92179,0,0
0.778125,294.021,2.89143,999.966,5.27E+06,999.966,2.89143,0,0
0.779375,294.008,2.855,999.941,5.21E+06,999.941,2.855,0,0
0.780625,293.993,2.81167,999.912,5.15E+06,999.912,2.81167,0,0
0.781875,293.975,2.76063,999.878,5.07E+06,999.878,2.76063,0,0
0.783125,293.954,2.70107,999.837,4.99E+06,999.837,2.70107,0,0
0.784375,293.93,2.63224,999.791,4.88E+06,999.791,2.63224,0,0
0.785625,293.902,2.55347,999.738,4.77E+06,999.738,2.55347,0,0
0.786875,293.87,2.46427,999.677,4.64E+06,999.677,2.46427,0,0
0.788125,293.835,2.36428,999.61,4.49E+06,999.61,2.36428,0,0
0.789375,293.796,2.25343,999.535,4.32E+06,999.535,2.25343,0,0
0.790625,293.753,2.13188,999.453,4.14E+06,999.453,2.13188,0,0
0.791875,293.706,2.00015,999.363,3.95E+06,999.363,2.00015,0,0
0.793125,293.656,1.85907,999.268,3.74E+06,999.268,1.85907,0,0
0.794375,293.604,1.70989,999.167,3.52E+06,999.167,1.70989,0,0
0.795625,293.548,1.5541,999.062,3.29E+06,999.062,1.5541,0,0
0.796875,293.492,1.3932,998.953,3.05E+06,998.953,1.3932,0,0
0.798125,293.436,1.23361,998.845,2.82E+06,998.845,1.23361,0,0
0.799375,293.382,1.08255,998.743,2.59E+06,998.743,1.08255,0,0
0.800625,293.333,0.941625,998.647,2.39E+06,998.647,0.941625,0,0
0.801875,293.287,0.811948,998.56,2.20E+06,998.56,0.811948,0,0
0.803125,293.245,0.694163,998.48,2.02E+06,998.48,0.694163,0,0
0.804375,293.208,0.588494,998.408,1.87E+06,998.408,0.588494,0,0
0.805625,293.175,0.494806,998.345,1.73E+06,998.345,0.494806,0,0
0.806875,293.146,0.412673,998.29,1.61E+06,998.29,0.412673,0,0
0.808125,293.121,0.341443,998.241,1.50E+06,998.241,0.341443,0,0
0.809375,293.099,0.280308,998.2,1.41E+06,998.2,0.280308,0,0
0.810625,293.081,0.228359,998.165,1.34E+06,998.165,0.228359,0,0
0.811875,293.066,0.184638,998.135,1.27E+06,998.135,0.184638,0,0
0.813125,293.053,0.148185,998.111,1.22E+06,998.111,0.148185,0,0
0.814375,293.042,0.118065,998.09,1.17E+06,998.09,0.118065,0,0
0.815625,293.033,0.0933935,998.073,1.14E+06,998.073,0.0933935,0,0
0.816875,293.026,0.0733577,998.06,1.11E+06,998.06,0.0733577,0,0
0.818125,293.02,0.0572207,998.049,1.08E+06,998.049,0.0572207,0,0
0.819375,293.016,0.0443285,998.04,1.07E+06,998.04,0.0443285,0,0
0.820625,293.012,0.0341098,998.033,1.05E+06,998.033,0.0341098,0,0
0.821875,293.009,0.0260725,998.028,1.04E+06,998.028,0.0260725,0,0
0.823125,293.007,0.0197986,998.024,1.03E+06,998.024,0.0197986,0,0
0.824375,293.005,0.0149373,998.02,1.02E+06,998.02,0.0149373,0,0
0.825625,293.004,0.0111978,998.018,1.02E+06,998.018,0.0111978,0,0
0.826875,293.003,0.00834164,998.016,1.01E+06,998.016,0.00834164,0,0
0.828125,293.002,0.0061754,998.014,1.01E+06,998.014,0.0061754,0,0
0.829375,293.002,0.00454367,998.013,1.01E+06,998.013,0.00454367,0,0
0.830625,293.001,0.00332285,998.012,1.00E+06,998.012,0.00332285,0,0
0.831875,293.001,0.0024155,998.012,1.00E+06,998.012,0.0024155,0,0
0.833125,293.001,0.00174553,998.011,1.00E+06,998.011,0.00174553,0,0
0.834375,293,0.00125402,998.011,1.00E+06,998.011,0.00125402,0,0
0.835625,293,0.000895709,998.011,1.00E+06,998.011,0.000895709,0,0
0.836875,293,0.000636126,998.011,1.00E+06,998.011,0.000636126,0,0
0.838125,293,0.000449223,998.011,1.00E+06,998.011,0.000449223,0,0
0.839375,293,0.000315464,998.01,1.00E+06,998.01,0.000315464,0,0
0.840625,293,0.000220311,998.01,1.00E+06,998.01,0.000220311,0,0
0.841875,293,0.000153019,998.01,1.00E+06,998.01,0.000153019,0,0
0.843125,293,0.000105708,998.01,1.00E+06,998.01,0.000105708,0,0
0.844375,293,7.26E-05,998.01,1.00E+06,998.01,7.26E-05,0,0
0.845625,293,4.96E-05,998.01,1.00E+06,998.01,4.96E-05,0,0
0.846875,293,3.38E-05,998.01,1.00E+06,998.01,3.38E-05,0,0
0.848125,293,2.28E-05,998.01,1.00E+06,998.01,2.28E-05,0,0
0.849375,293,1.54E-05,998.01,1.00E+06,998.01,1.54E-05,0,0
0.850625,293,1.03E-05,998.01,1.00E+06,998.01,1.03E-05,0,0
0.851875,293,6.85E-06,998.01,1.00E+06,998.01,6.85E-06,0,0
0.853125,293,4.54E-06,998.01,1.00E+06,998.01,4.54E-06,0,0
0.854375,293,3.00E-06,998.01,1.00E+06,998.01,3.00E-06,0,0
0.855625,293,1.97E-06,998.01,1.00E+06,998.01,1.97E-06,0,0
0.856875,293,1.28E-06,998.01,1.00E+06,998.01,1.28E-06,0,0
0.858125,293,8.35E-07,998.01,1.00E+06,998.01,8.35E-07,0,0
0.859375,293,5.40E-07,998.01,1.00E+06,998.01,5.40E-07,0,0
0.860625,293,3.48E-07,998.01,1.00E+06,998.01,3.48E-07,0,0
0.861875,293,2.23E-07,998.01,1.00E+06,998.01,2.23E-07,0,0
0.863125,293,1.42E-07,998.01,1.00E+06,998.01,1.42E-07,0,0
0.864375,293,9.02E-08,998.01,1.00E+06,998.01,9.02E-08,0,0
0.865625,293,5.69E-08,998.01,1.00E+06,998.01,5.69E-08,0,0
0.866875,293,3.57E-08,998.01,1.00E+06,998.01,3.57E-08,0,0
0.868125,293,2.23E-08,998.01,1.00E+06,998.01,2.23E-08,0,0
0.869375,293,1.39E-08,998.01,1.00E+06,998.01,1.39E-08,0,0
0.870625,293,8.52E-09,998.01,1.00E+06,998.01,8.52E-09,0,0
0.871875,293,5.26E-09,998.01,1.00E+06,998.01,5.26E-09,0,0
0.873125,293,3.25E-09,998.01,1.00E+06,998.01,3.25E-09,0,0
0.874375,293,1.97E-09,998.01,1.00E+06,998.01,1.97E-09,0,0
0.875625,293,1.16E-09,998.01,1.00E+06,998.01,1.16E-09,0,0
0.876875,293,6.60E-10,998.01,1.00E+06,998.01,6.60E-10,0,0
0.878125,293,3.25E-10,998.01,1.00E+06,998.01,3.25E-10,0,0
0.879375,293,1.44E-10,998.01,1.00E+06,998.01,1.44E-10,0,0
0.880625,293,2.45E-11,998.01,1.00E+06,998.01,2.45E-11,0,0
0.881875,293,-2.52E-11,998.01,1.00E+06,998.01,-2.52E-11,0,0
0.883125,293,-2.21E-11,998.01,1.00E+06,998.01,-2.21E-11,0,0
0.884375,293,-1.46E-11,998.01,1.00E+06,998.01,-1.46E-11,0,0
0.885625,293,-3.16E-11,998.01,1.00E+06,998.01,-3.16E-11,0,0
0.886875,293,-5.09E-11,998.01,1.00E+06,998.01,-5.09E-11,0,0
0.888125,293,-5.34E-11,998.01,1.00E+06,998.01,-5.34E-11,0,0
0.889375,293,-5.60E-11,998.01,1.00E+06,998.01,-5.60E-11,0,0
0.890625,293,-3.92E-11,998.01,1.00E+06,998.01,-3.92E-11,0,0
0.891875,293,1.05E-11,998.01,1.00E+06,998.01,1.05E-11,0,0
0.893125,293,5.91E-11,998.01,1.00E+06,998.01,5.91E-11,0,0
0.894375,293,7.58E-11,998.01,1.00E+06,998.01,7.58E-11,0,0
0.895625,293,7.22E-11,998.01,1.00E+06,998.01,7.22E-11,0,0
0.896875,293,5.41E-11,998.01,1.00E+06,998.01,5.41E-11,0,0
0.898125,293,8.18E-11,998.01,1.00E+06,998.01,8.18E-11,0,0
0.899375,293,1.20E-10,998.01,1.00E+06,998.01,1.20E-10,0,0
0.900625,293,1.45E-10,998.01,1.00E+06,998.01,1.45E-10,0,0
0.901875,293,1.60E-10,998.01,1.00E+06,998.01,1.60E-10,0,0
0.903125,293,1.68E-10,998.01,1.00E+06,998.01,1.68E-10,0,0
0.904375,293,1.55E-10,998.01,1.00E+06,998.01,1.55E-10,0,0
0.905625,293,1.48E-10,998.01,1.00E+06,998.01,1.48E-10,0,0
0.906875,293,1.44E-10,998.01,1.00E+06,998.01,1.44E-10,0,0
0.908125,293,1.37E-10,998.01,1.00E+06,998.01,1.37E-10,0,0
0.909375,293,1.21E-10,998.01,1.00E+06,998.01,1.21E-10,0,0
0.910625,293,1.19E-10,998.01,1.00E+06,998.01,1.19E-10,0,0
0.911875,293,1.36E-10,998.01,1.00E+06,998.01,1.36E-10,0,0
0.913125,293,9.99E-11,998.01,1.00E+06,998.01,9.99E-11,0,0
0.914375,293,4.17E-11,998.01,1.00E+06,998.01,4.17E-11,0,0
0.915625,293,2.33E-11,998.01,1.00E+06,998.01,2.33E-11,0,0
0.916875,293,2.36E-11,998.01,1.00E+06,998.01,2.36E-11,0,0
0.918125,293,4.10E-11,998.01,1.00E+06,998.01,4.10E-11,0,0
0.919375,293,3.89E-11,998.01,1.00E+06,998.01,3.89E-11,0,0
0.920625,293,5.81E-11,998.01,1.00E+06,998.01,5.81E-11,0,0
0.921875,293,6.66E-11,998.01,1.00E+06,998.01,6.66E-11,0,0
0.923125,293,5.29E-11,998.01,1.00E+06,998.01,5.29E-11,0,0
0.924375,293,4.73E-11,998.01,1.00E+06,998.01,4.73E-11,0,0
0.925625,293,3.78E-11,998.01,1.00E+06,998.01,3.78E-11,0,0
0.926875,293,2.98E-11,998.01,1.00E+06,998.01,2.98E-11,0,0
0.928125,293,-2.21E-11,998.01,1.00E+06,998.01,-2.21E-11,0,0
0.929375,293,-4.39E-11,998.01,1.00E+06,998.01,-4.39E-11,0,0
0.930625,293,3.02E-11,998.01,1.00E+06,998.01,3.02E-11,0,0
0.931875,293,5.18E-11,998.01,1.00E+06,998.01,5.18E-11,0,0
0.933125,293,7.58E-11,998.01,1.00E+06,998.01,7.58E-11,0,0
0.934375,293,1.05E-10,998.01,1.00E+06,998.01,1.05E-10,0,0
0.935625,293,8.80E-11,998.01,1.00E+06,998.01,8.80E-11,0,0
0.936875,293,7.68E-11,998.01,1.00E+06,998.01,7.68E-11,0,0
0.938125,293,9.27E-11,998.01,1.00E+06,998.01,9.27E-11,0,0
0.939375,293,9.91E-11,998.01,1.00E+06,998.01,9.91E-11,0,0
0.940625,293,8.30E-11,998.01,1.00E+06,998.01,8.30E-11,0,0
0.941875,293,4.77E-11,998.01,1.00E+06,998.01,4.77E-11,0,0
0.943125,293,3.09E-11,998.01,1.00E+06,998.01,3.09E-11,0,0
0.944375,293,6.02E-11,998.01,1.00E+06,998.01,6.02E-11,0,0
0.945625,293,5.99E-11,998.01,1.00E+06,998.01,5.99E-11,0,0
0.946875,293,5.00E-11,998.01,1.00E+06,998.01,5.00E-11,0,0
0.948125,293,4.18E-11,998.01,1.00E+06,998.01,4.18E-11,0,0
0.949375,293,-7.67E-13,998.01,1.00E+06,998.01,-7.67E-13,0,0
0.950625,293,-4.06E-11,998.01,1.00E+06,998.01,-4.06E-11,0,0
0.951875,293,-3.69E-11,998.01,1.00E+06,998.01,-3.69E-11,0,0
0.953125,293,1.08E-11,998.01,1.00E+06,998.01,1.08E-11,0,0
0.954375,293,-4.59E-12,998.01,1.00E+06,998.01,-4.59E-12,0,0
0.955625,293,-3.89E-11,998.01,1.00E+06,998.01,-3.89E-11,0,0
0.956875,293,-4.77E-11,998.01,1.00E+06,998.01,-4.77E-11,0,0
0.958125,293,-6.31E-11,998.01,1.00E+06,998.01,-6.31E-11,0,0
0.959375,293,-5.10E-11,998.01,1.00E+06,998.01,-5.10E-11,0,0
0.960625,293,-2.41E-11,998.01,1.00E+06,998.01,-2.41E-11,0,0
0.961875,293,-4.02E-12,998.01,1.00E+06,998.01,-4.02E-12,0,0
0.963125,293,2.23E-11,998.01,1.00E+06,998.01,2.23E-11,0,0
0.964375,293,5.20E-11,998.01,1.00E+06,998.01,5.20E-11,0,0
0.965625,293,4.42E-11,998.01,1.00E+06,998.01,4.42E-11,0,0
0.966875,293,5.98E-11,998.01,1.00E+06,998.01,5.98E-11,0,0
0.968125,293,7.11E-11,998.01,1.00E+06,998.01,7.11E-11,0,0
0.969375,293,8.75E-11,998.01,1.00E+06,998.01,8.75E-11,0,0
0.970625,293,8.08E-11,998.01,1.00E+06,998.01,8.08E-11,0,0
0.971875,293,7.67E-11,998.01,1.00E+06,998.01,7.67E-11,0,0
0.973125,293,8.74E-11,998.01,1.00E+06,998.01,8.74E-11,0,0
0.974375,293,8.78E-11,998.01,1.00E+06,998.01,8.78E-11,0,0
0.975625,293,7.94E-11,998.01,1.00E+06,998.01,7.94E-11,0,0
0.976875,293,4.65E-11,998.01,1.00E+06,998.01,4.65E-11,0,0
0.978125,293,3.99E-11,998.01,1.00E+06,998.01,3.99E-11,0,0
0.979375,293,5.26E-11,998.01,1.00E+06,998.01,5.26E-11,0,0
0.980625,293,1.96E-11,998.01,1.00E+06,998.01,1.96E-11,0,0
0.981875,293,5.04E-12,998.01,1.00E+06,998.01,5.04E-12,0,0
0.983125,293,1.28E-11,998.01,1.00E+06,998.01,1.28E-11,0,0
0.984375,293,8.82E-13,998.01,1.00E+06,998.01,8.82E-13,0,0
0.985625,293,6.06E-12,998.01,1.00E+06,998.01,6.06E-12,0,0
0.986875,293,2.94E-12,998.01,1.00E+06,998.01,2.94E-12,0,0
0.988125,293,7.48E-12,998.01,1.00E+06,998.01,7.48E-12,0,0
0.989375,293,1.83E-11,998.01,1.00E+06,998.01,1.83E-11,0,0
0.990625,293,-1.12E-11,998.01,1.00E+06,998.01,-1.12E-11,0,0
0.991875,293,-3.75E-11,998.01,1.00E+06,998.01,-3.75E-11,0,0
0.993125,293,-5.30E-11,998.01,1.00E+06,998.01,-5.30E-11,0,0
0.994375,293,-1.00E-10,998.01,1.00E+06,998.01,-1.00E-10,0,0
0.995625,293,-8.87E-11,998.01,1.00E+06,998.01,-8.87E-11,0,0
0.996875,293,-2.30E-11,998.01,1.00E+06,998.01,-2.30E-11,0,0
0.998125,293,-2.48E-11,998.01,1.00E+06,998.01,-2.48E-11,0,0
0.999375,293,-3.06E-11,998.01,1.00E+06,998.01,-3.06E-11,0,0
